"0","library(plyr)"
"0","library(tidyverse)"
"2","Registered S3 methods overwritten by 'dbplyr':
  method         from
  print.tbl_lazy     
  print.tbl_sql      
"
"2","[30mâ”€â”€ [1mAttaching packages[22m â”€â”€â”€â”€â”€â”€â”€â”€â”€â”€â”€â”€â”€â”€â”€â”€â”€â”€â”€â”€â”€â”€â”€â”€â”€â”€â”€â”€â”€â”€â”€â”€â”€â”€â”€â”€â”€â”€â”€â”€ tidyverse 1.3.0 â”€â”€[39m
"
"2","[30m[32mâœ“[30m [34mggplot2[30m 3.3.2     [32mâœ“[30m [34mpurrr  [30m 0.3.4
[32mâœ“[30m [34mtibble [30m 3.0.3     [32mâœ“[30m [34mdplyr  [30m 1.0.2
[32mâœ“[30m [34mtidyr  [30m 1.1.1     [32mâœ“[30m [34mstringr[30m 1.4.0
[32mâœ“[30m [34mreadr  [30m 1.3.1     [32mâœ“[30m [34mforcats[30m 0.5.0[39m
"
"2","[30mâ”€â”€ [1mConflicts[22m â”€â”€â”€â”€â”€â”€â”€â”€â”€â”€â”€â”€â”€â”€â”€â”€â”€â”€â”€â”€â”€â”€â”€â”€â”€â”€â”€â”€â”€â”€â”€â”€â”€â”€â”€â”€â”€â”€â”€â”€â”€â”€â”€ tidyverse_conflicts() â”€â”€
[31mx[30m [34mdplyr[30m::[32marrange()[30m   masks [34mplyr[30m::arrange()
[31mx[30m [34mpurrr[30m::[32mcompact()[30m   masks [34mplyr[30m::compact()
[31mx[30m [34mdplyr[30m::[32mcount()[30m     masks [34mplyr[30m::count()
[31mx[30m [34mdplyr[30m::[32mfailwith()[30m  masks [34mplyr[30m::failwith()
[31mx[30m [34mdplyr[30m::[32mfilter()[30m    masks [34mstats[30m::filter()
[31mx[30m [34mdplyr[30m::[32mid()[30m        masks [34mplyr[30m::id()
[31mx[30m [34mdplyr[30m::[32mlag()[30m       masks [34mstats[30m::lag()
[31mx[30m [34mdplyr[30m::[32mmutate()[30m    masks [34mplyr[30m::mutate()
[31mx[30m [34mdplyr[30m::[32mrename()[30m    masks [34mplyr[30m::rename()
[31mx[30m [34mdplyr[30m::[32msummarise()[30m masks [34mplyr[30m::summarise()
[31mx[30m [34mdplyr[30m::[32msummarize()[30m masks [34mplyr[30m::summarize()[39m
"
"0","library(readxl)"
"0","library(tibbletime)"
"2","
Attaching package: â€˜tibbletimeâ€™

"
"2","The following object is masked from â€˜package:statsâ€™:

    filter

"
"0","library(lubridate)"
"2","
Attaching package: â€˜lubridateâ€™

"
"2","The following objects are masked from â€˜package:baseâ€™:

    date, intersect, setdiff, union

"
